trial,timestamp,learning_rate,hidden_dim,num_layers,dropout_rate,max_epochs,test_approximation_rate,val_approximation_rate,test_infeasible_rate,val_infeasible_rate,test_mean_load_factor,val_mean_load_factor,test_loss,val_loss,test_time,val_time
0,2025-09-26T13:29:37.423256,0.001,32,5,0.2,5,66.81717681884766,67.50360107421875,0.0,0.0,0.4915100932121277,0.48282724618911743,0.6080746129155159,0.6086699441075325,8.199498176574707,8.17225456237793
1,2025-09-26T13:34:15.919577,0.001,32,5,0.2,10,66.88240051269531,67.18780517578125,0.0,0.0,0.4910307824611664,0.48509666323661804,0.6197568103671074,0.6204707399010658,8.191938161849976,8.194544076919556
2,2025-09-26T13:41:08.009411,0.001,32,5,0.2,15,66.9810791015625,67.1987075805664,0.0,0.0,0.49030742049217224,0.48501795530319214,0.5980469360947609,0.5988749042153358,8.252052783966064,8.21414589881897
3,2025-09-26T13:50:09.899821,0.001,32,5,0.2,20,66.82633209228516,67.22727966308594,0.0,0.0,0.49144279956817627,0.48481181263923645,0.5997429713606834,0.6005390845239162,8.320788860321045,8.221143960952759
4,2025-09-26T13:52:54.904897,0.001,32,5,0.3,5,66.81717681884766,67.50360107421875,0.0,0.0,0.4915100932121277,0.48282724618911743,0.6080746129155159,0.6086699441075325,8.258146047592163,8.230647087097168
5,2025-09-26T13:57:34.686441,0.001,32,5,0.3,10,66.88240051269531,67.18780517578125,0.0,0.0,0.4910307824611664,0.48509666323661804,0.6197568103671074,0.6204707399010658,8.273898363113403,8.19463586807251
6,2025-09-26T14:04:25.953599,0.001,32,5,0.3,15,66.9810791015625,67.1987075805664,0.0,0.0,0.49030742049217224,0.48501795530319214,0.5980469360947609,0.5988749042153358,8.2549889087677,8.276069641113281
7,2025-09-26T14:13:28.992329,0.001,32,5,0.3,20,66.82633209228516,67.22727966308594,0.0,0.0,0.49144279956817627,0.48481181263923645,0.5997429713606834,0.6005390845239162,8.30052900314331,8.2068350315094
8,2025-09-26T14:16:13.739557,0.001,32,5,0.4,5,66.81717681884766,67.50360107421875,0.0,0.0,0.4915100932121277,0.48282724618911743,0.6080746129155159,0.6086699441075325,8.286121368408203,8.191591739654541
9,2025-09-26T14:20:53.916179,0.001,32,5,0.4,10,66.88240051269531,67.18780517578125,0.0,0.0,0.4910307824611664,0.48509666323661804,0.6197568103671074,0.6204707399010658,8.29860806465149,8.17726469039917
10,2025-09-26T14:27:45.565118,0.001,32,5,0.4,15,66.9810791015625,67.1987075805664,0.0,0.0,0.49030742049217224,0.48501795530319214,0.5980469360947609,0.5988749042153358,8.269453525543213,8.211086511611938
11,2025-09-26T14:36:46.666311,0.001,32,5,0.4,20,66.82633209228516,67.22727966308594,0.0,0.0,0.49144279956817627,0.48481181263923645,0.5997429713606834,0.6005390845239162,8.246949672698975,8.18095064163208
12,2025-09-26T14:40:26.644432,0.001,32,10,0.2,5,66.86170959472656,67.0636978149414,0.0,0.0,0.49118277430534363,0.4859943687915802,0.6767393797636032,0.6772368773818016,8.420274496078491,8.352474451065063
13,2025-09-26T14:46:54.773670,0.001,32,10,0.2,10,66.78494262695312,67.03265380859375,0.0,0.0,0.49174734950065613,0.48621946573257446,0.7975604608654976,0.7976894378662109,8.392718315124512,8.344948291778564
14,2025-09-26T14:56:26.900335,0.001,32,10,0.2,15,66.82106018066406,67.29188537597656,0.0,0.0,0.49148157238960266,0.4843463599681854,0.7601546756923199,0.7605934999883175,8.453335762023926,8.397815465927124
15,2025-09-26T15:09:04.467562,0.001,32,10,0.2,20,66.93110656738281,67.10421752929688,0.0,0.0,0.4906735122203827,0.48570096492767334,0.8037196546792984,0.8040097132325172,8.462743997573853,8.408798456192017
16,2025-09-26T15:12:44.159573,0.001,32,10,0.3,5,66.86170959472656,67.0636978149414,0.0,0.0,0.49118277430534363,0.4859943687915802,0.6767393797636032,0.6772368773818016,8.463215112686157,8.432833433151245
17,2025-09-26T15:19:11.534984,0.001,32,10,0.3,10,66.78494262695312,67.03265380859375,0.0,0.0,0.49174734950065613,0.48621946573257446,0.7975604608654976,0.7976894378662109,8.521904230117798,8.392804145812988
18,2025-09-26T15:28:42.907349,0.001,32,10,0.3,15,66.82106018066406,67.29188537597656,0.0,0.0,0.49148157238960266,0.4843463599681854,0.7601546756923199,0.7605934999883175,8.426728248596191,8.411852836608887
19,2025-09-26T15:41:17.873841,0.001,32,10,0.3,20,66.93110656738281,67.10421752929688,0.0,0.0,0.4906735122203827,0.48570096492767334,0.8037196546792984,0.8040097132325172,8.47945499420166,8.46652340888977
20,2025-09-26T15:44:56.056586,0.001,32,10,0.4,5,66.86170959472656,67.0636978149414,0.0,0.0,0.49118277430534363,0.4859943687915802,0.6767393797636032,0.6772368773818016,8.374043226242065,8.350605726242065
21,2025-09-26T15:51:23.564666,0.001,32,10,0.4,10,66.78494262695312,67.03265380859375,0.0,0.0,0.49174734950065613,0.48621946573257446,0.7975604608654976,0.7976894378662109,8.40711760520935,8.378637790679932
22,2025-09-26T16:00:54.856586,0.001,32,10,0.4,15,66.82106018066406,67.29188537597656,0.0,0.0,0.49148157238960266,0.4843463599681854,0.7601546756923199,0.7605934999883175,8.441828489303589,8.4287428855896
23,2025-09-26T16:13:31.089201,0.001,32,10,0.4,20,66.93110656738281,67.10421752929688,0.0,0.0,0.4906735122203827,0.48570096492767334,0.8037196546792984,0.8040097132325172,8.387113571166992,8.348273038864136
24,2025-09-26T16:18:04.768140,0.001,32,15,0.2,5,67.16818237304688,67.66963195800781,0.0,0.0,0.48894163966178894,0.48164263367652893,0.5843223668634892,0.5849209688603878,8.612326383590698,8.533485651016235
25,2025-09-26T16:26:15.371701,0.001,32,15,0.2,10,66.87712860107422,67.03641510009766,0.0,0.0,0.4910695552825928,0.4861921966075897,0.6653823964297771,0.6655528582632542,8.604902982711792,8.54403042793274
26,2025-09-26T16:38:29.117889,0.001,32,15,0.2,15,66.7860107421875,67.26502990722656,0.0,0.0,0.49173951148986816,0.48453977704048157,0.6589203029870987,0.6591263972222805,8.66984748840332,8.55200982093811
27,2025-09-26T16:54:41.843802,0.001,32,15,0.2,20,66.82401275634766,67.05552673339844,0.0,0.0,0.49145984649658203,0.48605358600616455,0.6712990701198578,0.6714339926838875,8.575470685958862,8.546509265899658
28,2025-09-26T16:59:14.111425,0.001,32,15,0.3,5,67.16818237304688,67.66963195800781,0.0,0.0,0.48894163966178894,0.48164263367652893,0.5843223668634892,0.5849209688603878,8.625751495361328,8.523519515991211
29,2025-09-26T17:07:28.703663,0.001,32,15,0.3,10,66.87712860107422,67.03641510009766,0.0,0.0,0.4910695552825928,0.4861921966075897,0.6653823964297771,0.6655528582632542,8.57705283164978,8.606887578964233
30,2025-09-26T17:19:37.682691,0.001,32,15,0.3,15,66.7860107421875,67.26502990722656,0.0,0.0,0.49173951148986816,0.48453977704048157,0.6589203029870987,0.6591263972222805,8.607987642288208,8.547691345214844
31,2025-09-26T17:35:44.008876,0.001,32,15,0.3,20,66.82401275634766,67.05552673339844,0.0,0.0,0.49145984649658203,0.48605358600616455,0.6712990701198578,0.6714339926838875,8.575624227523804,8.495863676071167
32,2025-09-26T17:40:15.036284,0.001,32,15,0.4,5,67.16818237304688,67.66963195800781,0.0,0.0,0.48894163966178894,0.48164263367652893,0.5843223668634892,0.5849209688603878,8.582257270812988,8.541847467422485
33,2025-09-26T17:48:31.589721,0.001,32,15,0.4,10,66.87712860107422,67.03641510009766,0.0,0.0,0.4910695552825928,0.4861921966075897,0.6653823964297771,0.6655528582632542,8.749215602874756,8.570618867874146
34,2025-09-26T18:00:46.051755,0.001,32,15,0.4,15,66.7860107421875,67.26502990722656,0.0,0.0,0.49173951148986816,0.48453977704048157,0.6589203029870987,0.6591263972222805,8.619344711303711,8.583097219467163
35,2025-09-26T18:16:58.382342,0.001,32,15,0.4,20,66.82401275634766,67.05552673339844,0.0,0.0,0.49145984649658203,0.48605358600616455,0.6712990701198578,0.6714339926838875,8.609626770019531,8.62011170387268
36,2025-09-26T18:20:05.667886,0.001,64,5,0.2,5,66.77687072753906,67.28302001953125,0.0,0.0,0.4918068051338196,0.4844101369380951,0.553283117711544,0.5536152683198452,8.419056177139282,8.367275953292847
37,2025-09-26T18:25:29.143166,0.001,64,5,0.2,10,66.82028198242188,67.11441802978516,0.0,0.0,0.4914873242378235,0.48562708497047424,0.5833720304071903,0.5836050137877464,8.46863579750061,8.36736512184143
38,2025-09-26T18:33:23.691796,0.001,64,5,0.2,15,66.83863067626953,67.07494354248047,0.0,0.0,0.4913523495197296,0.48591291904449463,0.5241594947874546,0.5247308015823364,8.464845657348633,8.41697359085083
39,2025-09-26T18:43:52.869947,0.001,64,5,0.2,20,66.95953369140625,67.03736877441406,0.0,0.0,0.4904651641845703,0.4861852526664734,0.5247987508773804,0.5253932438790798,8.412724494934082,8.437670230865479
40,2025-09-26T18:46:59.025210,0.001,64,5,0.3,5,66.77687072753906,67.28302001953125,0.0,0.0,0.4918068051338196,0.4844101369380951,0.553283117711544,0.5536152683198452,8.494840860366821,8.35314130783081
41,2025-09-26T18:52:22.455925,0.001,64,5,0.3,10,66.82028198242188,67.11441802978516,0.0,0.0,0.4914873242378235,0.48562708497047424,0.5833720304071903,0.5836050137877464,8.4329833984375,8.490268230438232
42,2025-09-26T19:00:18.263417,0.001,64,5,0.3,15,66.83863067626953,67.07494354248047,0.0,0.0,0.4913523495197296,0.48591291904449463,0.5241594947874546,0.5247308015823364,8.433423519134521,8.359395503997803
43,2025-09-26T19:10:48.825525,0.001,64,5,0.3,20,66.95953369140625,67.03736877441406,0.0,0.0,0.4904651641845703,0.4861852526664734,0.5247987508773804,0.5253932438790798,8.438585996627808,8.416759490966797
44,2025-09-26T19:13:55.973583,0.001,64,5,0.4,5,66.77687072753906,67.28302001953125,0.0,0.0,0.4918068051338196,0.4844101369380951,0.553283117711544,0.5536152683198452,8.414531469345093,8.40194034576416
45,2025-09-26T19:19:18.264504,0.001,64,5,0.4,10,66.82028198242188,67.11441802978516,0.0,0.0,0.4914873242378235,0.48562708497047424,0.5833720304071903,0.5836050137877464,8.469122886657715,8.410809755325317
46,2025-09-26T19:27:12.032848,0.001,64,5,0.4,15,66.83863067626953,67.07494354248047,0.0,0.0,0.4913523495197296,0.48591291904449463,0.5241594947874546,0.5247308015823364,8.532282829284668,8.375953912734985
47,2025-09-26T19:37:43.202120,0.001,64,5,0.4,20,66.95953369140625,67.03736877441406,0.0,0.0,0.4904651641845703,0.4861852526664734,0.5247987508773804,0.5253932438790798,8.433197736740112,8.37748670578003
48,2025-09-26T19:42:06.536189,0.001,64,10,0.2,5,66.91862487792969,67.42704772949219,0.0,0.0,0.4907650053501129,0.4833754301071167,0.6918849647045135,0.6925704963505268,8.69192099571228,8.609965085983276
49,2025-09-26T19:50:00.181764,0.001,64,10,0.2,10,66.92173767089844,67.35568237304688,0.0,0.0,0.4907422363758087,0.483887642621994,0.8455340676009655,0.845647145062685,8.683743715286255,8.551433086395264
50,2025-09-26T20:01:35.213974,0.001,64,10,0.2,15,66.76725006103516,66.964599609375,0.0,0.0,0.49187761545181274,0.48671358823776245,0.8665491715073586,0.8666939623653889,8.753224849700928,8.595570802688599
51,2025-09-26T20:17:05.318616,0.001,64,10,0.2,20,58.99690246582031,58.248191833496094,0.0,0.0,0.5566617250442505,0.5595465898513794,0.936671819537878,0.9366088695824146,8.687952518463135,8.630271911621094
52,2025-09-26T20:21:26.965545,0.001,64,10,0.3,5,66.91862487792969,67.42704772949219,0.0,0.0,0.4907650053501129,0.4833754301071167,0.6918849647045135,0.6925704963505268,8.679988622665405,8.602855205535889
53,2025-09-26T20:29:20.632550,0.001,64,10,0.3,10,66.92173767089844,67.35568237304688,0.0,0.0,0.4907422363758087,0.483887642621994,0.8455340676009655,0.845647145062685,8.736524820327759,8.666765451431274
54,2025-09-26T20:40:59.872800,0.001,64,10,0.3,15,66.76725006103516,66.964599609375,0.0,0.0,0.49187761545181274,0.48671358823776245,0.8665491715073586,0.8666939623653889,8.725882053375244,8.649451971054077
55,2025-09-26T20:56:28.195513,0.001,64,10,0.3,20,58.99690246582031,58.248191833496094,0.0,0.0,0.5566617250442505,0.5595465898513794,0.936671819537878,0.9366088695824146,8.68121337890625,8.552018642425537
56,2025-09-26T21:00:47.650188,0.001,64,10,0.4,5,66.91862487792969,67.42704772949219,0.0,0.0,0.4907650053501129,0.4833754301071167,0.6918849647045135,0.6925704963505268,8.656534433364868,8.63798475265503
57,2025-09-26T21:08:38.154713,0.001,64,10,0.4,10,66.92173767089844,67.35568237304688,0.0,0.0,0.4907422363758087,0.483887642621994,0.8455340676009655,0.845647145062685,8.64307427406311,8.576305389404297
58,2025-09-26T21:20:16.777550,0.001,64,10,0.4,15,66.76725006103516,66.964599609375,0.0,0.0,0.49187761545181274,0.48671358823776245,0.8665491715073586,0.8666939623653889,8.728373050689697,8.638850450515747
59,2025-09-26T21:35:40.647771,0.001,64,10,0.4,20,58.99690246582031,58.248191833496094,0.0,0.0,0.5566617250442505,0.5595465898513794,0.936671819537878,0.9366088695824146,8.650695323944092,8.54466724395752
60,2025-09-26T21:41:14.649944,0.001,64,15,0.2,5,66.87008666992188,67.44970703125,0.0,0.0,0.49112123250961304,0.48321306705474854,0.6323782317340374,0.6327848210930824,8.989315032958984,8.948976755142212
61,2025-09-26T21:51:29.311853,0.001,64,15,0.2,10,68.76322174072266,68.99842834472656,0.0,0.0,0.4776000678539276,0.47236695885658264,0.5324729308485985,0.5333020240068436,8.952686548233032,8.847516775131226
62,2025-09-26T22:06:43.461796,0.001,64,15,0.2,15,66.87712860107422,67.54714965820312,0.0,0.0,0.4910695552825928,0.48251596093177795,0.6802491955459118,0.6803717017173767,8.915234088897705,8.883988380432129
63,2025-09-26T22:26:59.456378,0.001,64,15,0.2,20,59.22423553466797,57.87560272216797,0.0,0.0,0.5545250177383423,0.5631488561630249,0.7069194577634335,0.7068847715854645,8.90514612197876,8.858136415481567
64,2025-09-26T22:32:33.750889,0.001,64,15,0.3,5,66.87008666992188,67.44970703125,0.0,0.0,0.49112123250961304,0.48321306705474854,0.6323782317340374,0.6327848210930824,8.901812553405762,8.865519523620605
65,2025-09-26T22:42:50.343507,0.001,64,15,0.3,10,68.76322174072266,68.99842834472656,0.0,0.0,0.4776000678539276,0.47236695885658264,0.5324729308485985,0.5333020240068436,9.041640758514404,8.93956446647644
66,2025-09-26T22:58:01.456819,0.001,64,15,0.3,15,66.87712860107422,67.54714965820312,0.0,0.0,0.4910695552825928,0.48251596093177795,0.6802491955459118,0.6803717017173767,8.97652006149292,8.963407754898071
67,2025-09-26T23:18:17.406901,0.001,64,15,0.3,20,59.22423553466797,57.87560272216797,0.0,0.0,0.5545250177383423,0.5631488561630249,0.7069194577634335,0.7068847715854645,8.857900857925415,8.785818576812744
68,2025-09-26T23:23:49.586796,0.001,64,15,0.4,5,66.87008666992188,67.44970703125,0.0,0.0,0.49112123250961304,0.48321306705474854,0.6323782317340374,0.6327848210930824,8.926649808883667,8.833984375
69,2025-09-26T23:34:05.879030,0.001,64,15,0.4,10,68.76322174072266,68.99842834472656,0.0,0.0,0.4776000678539276,0.47236695885658264,0.5324729308485985,0.5333020240068436,9.003520488739014,8.988352537155151
70,2025-09-26T23:49:19.324786,0.001,64,15,0.4,15,66.87712860107422,67.54714965820312,0.0,0.0,0.4910695552825928,0.48251596093177795,0.6802491955459118,0.6803717017173767,8.921910285949707,8.880910396575928
71,2025-09-27T00:09:32.444604,0.001,64,15,0.4,20,59.22423553466797,57.87560272216797,0.0,0.0,0.5545250177383423,0.5631488561630249,0.7069194577634335,0.7068847715854645,8.936431407928467,8.844478845596313
72,2025-09-27T00:13:26.689219,0.001,128,5,0.2,5,66.76725006103516,66.96131896972656,0.0,0.0,0.49187761545181274,0.4867374002933502,0.7081246078014374,0.7083291336894035,8.637913703918457,8.633690595626831
73,2025-09-27T00:20:30.267231,0.001,128,5,0.2,10,66.82401275634766,67.30516815185547,0.0,0.0,0.49145984649658203,0.4842508137226105,0.6341511234641075,0.6345345377922058,8.72074842453003,8.614665269851685
74,2025-09-27T00:30:55.392767,0.001,128,5,0.2,15,66.8831787109375,67.22803497314453,0.0,0.0,0.49102503061294556,0.4848063588142395,0.5570586174726486,0.5576603338122368,8.741426706314087,8.68093466758728
75,2025-09-27T00:44:43.129321,0.001,128,5,0.2,20,66.83470153808594,67.48958587646484,0.0,0.0,0.4913812577724457,0.482927531003952,0.5161103680729866,0.5167850852012634,8.725207805633545,8.651267766952515
76,2025-09-27T00:48:40.689552,0.001,128,5,0.3,5,66.76725006103516,66.96131896972656,0.0,0.0,0.49187761545181274,0.4867374002933502,0.7081246078014374,0.7083291336894035,8.73694133758545,8.67906141281128
77,2025-09-27T00:55:45.425459,0.001,128,5,0.3,10,66.82401275634766,67.30516815185547,0.0,0.0,0.49145984649658203,0.4842508137226105,0.6341511234641075,0.6345345377922058,8.687074661254883,8.646664381027222
78,2025-09-27T01:06:16.559537,0.001,128,5,0.3,15,66.8831787109375,67.22803497314453,0.0,0.0,0.49102503061294556,0.4848063588142395,0.5570586174726486,0.5576603338122368,8.655298948287964,8.592284679412842
79,2025-09-27T01:20:10.390717,0.001,128,5,0.3,20,66.83470153808594,67.48958587646484,0.0,0.0,0.4913812577724457,0.482927531003952,0.5161103680729866,0.5167850852012634,8.746468782424927,8.696703433990479
80,2025-09-27T01:24:09.151747,0.001,128,5,0.4,5,66.76725006103516,66.96131896972656,0.0,0.0,0.49187761545181274,0.4867374002933502,0.7081246078014374,0.7083291336894035,8.687395572662354,8.626940727233887
81,2025-09-27T01:31:13.374524,0.001,128,5,0.4,10,66.82401275634766,67.30516815185547,0.0,0.0,0.49145984649658203,0.4842508137226105,0.6341511234641075,0.6345345377922058,8.681945085525513,8.758615255355835
82,2025-09-27T01:41:46.308950,0.001,128,5,0.4,15,66.8831787109375,67.22803497314453,0.0,0.0,0.49102503061294556,0.4848063588142395,0.5570586174726486,0.5576603338122368,8.778462648391724,8.654345273971558
83,2025-09-27T01:55:40.180611,0.001,128,5,0.4,20,66.83470153808594,67.48958587646484,0.0,0.0,0.4913812577724457,0.482927531003952,0.5161103680729866,0.5167850852012634,8.711191177368164,8.662078619003296
84,2025-09-27T02:01:32.781593,0.001,128,10,0.2,5,66.82401275634766,66.99999237060547,0.0,0.0,0.49145984649658203,0.4864564538002014,0.7945394366979599,0.7946147173643112,9.202292442321777,9.18078327178955
85,2025-09-27T02:12:20.245089,0.001,128,10,0.2,10,66.86874389648438,67.11507415771484,0.0,0.0,0.49113109707832336,0.4856223464012146,0.8564447872340679,0.8566758036613464,9.102778196334839,9.067009449005127
86,2025-09-27T02:28:28.186295,0.001,128,10,0.2,15,66.85643005371094,67.1345443725586,0.0,0.0,0.49122154712677,0.48548150062561035,0.9303468726575375,0.9304079785943031,9.172094345092773,9.13089656829834
87,2025-09-27T02:49:52.205824,0.001,128,10,0.2,20,66.74424743652344,66.97105407714844,0.0,0.0,0.49204719066619873,0.48666664958000183,0.9620298184454441,0.9620720148086548,9.164193868637085,9.10141921043396
88,2025-09-27T02:55:41.871142,0.001,128,10,0.3,5,66.82401275634766,66.99999237060547,0.0,0.0,0.49145984649658203,0.4864564538002014,0.7945394366979599,0.7946147173643112,9.225800037384033,9.147847890853882
89,2025-09-27T03:06:25.072083,0.001,128,10,0.3,10,66.86874389648438,67.11507415771484,0.0,0.0,0.49113109707832336,0.4856223464012146,0.8564447872340679,0.8566758036613464,9.063071727752686,9.045802354812622
90,2025-09-27T03:22:32.051827,0.001,128,10,0.3,15,66.85643005371094,67.1345443725586,0.0,0.0,0.49122154712677,0.48548150062561035,0.9303468726575375,0.9304079785943031,9.136216402053833,9.080124855041504
91,2025-09-27T03:43:49.440658,0.001,128,10,0.3,20,66.74424743652344,66.97105407714844,0.0,0.0,0.49204719066619873,0.48666664958000183,0.9620298184454441,0.9620720148086548,9.107835531234741,9.12222170829773
92,2025-09-27T03:49:46.345619,0.001,128,10,0.4,5,66.82401275634766,66.99999237060547,0.0,0.0,0.49145984649658203,0.4864564538002014,0.7945394366979599,0.7946147173643112,9.104478120803833,9.070506572723389
93,2025-09-27T04:00:43.704717,0.001,128,10,0.4,10,66.86874389648438,67.11507415771484,0.0,0.0,0.49113109707832336,0.4856223464012146,0.8564447872340679,0.8566758036613464,9.27274775505066,9.147917747497559
94,2025-09-27T04:17:00.708589,0.001,128,10,0.4,15,66.85643005371094,67.1345443725586,0.0,0.0,0.49122154712677,0.48548150062561035,0.9303468726575375,0.9304079785943031,9.140171527862549,9.06823444366455
95,2025-09-27T04:38:32.484448,0.001,128,10,0.4,20,66.74424743652344,66.97105407714844,0.0,0.0,0.49204719066619873,0.48666664958000183,0.9620298184454441,0.9620720148086548,9.25422716140747,9.141814231872559
96,2025-09-27T04:46:17.925912,0.001,128,15,0.2,5,70.60823059082031,69.98684692382812,0.0,0.0,0.46512025594711304,0.4656957685947418,0.494811138138175,0.49585625901818275,9.584248542785645,9.476116418838501
97,2025-09-27T05:00:52.119263,0.001,128,15,0.2,10,66.73197937011719,67.11507415771484,0.0,0.0,0.4921376407146454,0.4856223464012146,0.6886439137160778,0.6888762712478638,9.67546033859253,9.457858800888062
98,2025-09-27T05:22:21.399766,0.001,128,15,0.2,15,59.433311462402344,58.08378601074219,0.0,0.0,0.5525742769241333,0.5611304044723511,0.7776722386479378,0.7775354236364365,9.561959981918335,9.468914270401001
99,2025-09-27T05:50:51.089017,0.001,128,15,0.2,20,59.44769287109375,58.10319137573242,0.0,0.0,0.5524405837059021,0.5609430074691772,0.7847509123384953,0.7847561500966549,9.500339269638062,9.463822841644287
100,2025-09-27T05:58:29.600366,0.001,128,15,0.3,5,70.60823059082031,69.98684692382812,0.0,0.0,0.46512025594711304,0.4656957685947418,0.494811138138175,0.49585625901818275,9.520451068878174,9.457587003707886
101,2025-09-27T06:12:57.159291,0.001,128,15,0.3,10,66.73197937011719,67.11507415771484,0.0,0.0,0.4921376407146454,0.4856223464012146,0.6886439137160778,0.6888762712478638,9.65053653717041,9.571881294250488
102,2025-09-27T06:34:19.828537,0.001,128,15,0.3,15,59.433311462402344,58.08378601074219,0.0,0.0,0.5525742769241333,0.5611304044723511,0.7776722386479378,0.7775354236364365,9.622849702835083,9.601171016693115
103,2025-09-27T07:02:58.245947,0.001,128,15,0.3,20,59.44769287109375,58.10319137573242,0.0,0.0,0.5524405837059021,0.5609430074691772,0.7847509123384953,0.7847561500966549,9.606056451797485,9.619777202606201
104,2025-09-27T07:10:43.764532,0.001,128,15,0.4,5,70.60823059082031,69.98684692382812,0.0,0.0,0.46512025594711304,0.4656957685947418,0.494811138138175,0.49585625901818275,9.633907794952393,9.603452205657959
105,2025-09-27T07:25:18.184522,0.001,128,15,0.4,10,66.73197937011719,67.11507415771484,0.0,0.0,0.4921376407146454,0.4856223464012146,0.6886439137160778,0.6888762712478638,9.528348922729492,9.502360343933105
106,2025-09-27T07:47:04.197336,0.001,128,15,0.4,15,59.433311462402344,58.08378601074219,0.0,0.0,0.5525742769241333,0.5611304044723511,0.7776722386479378,0.7775354236364365,9.509505033493042,9.550264358520508
107,2025-09-27T08:15:54.395876,0.001,128,15,0.4,20,59.44769287109375,58.10319137573242,0.0,0.0,0.5524405837059021,0.5609430074691772,0.7847509123384953,0.7847561500966549,9.632954835891724,9.638001918792725
108,2025-09-27T08:18:36.050309,0.01,32,5,0.2,5,62.934547424316406,62.434993743896484,0.0,0.0,0.5218329429626465,0.5220242142677307,0.2749248929321766,0.27480533346533775,7.906174182891846,7.816690921783447
109,2025-09-27T08:23:11.413491,0.01,32,5,0.2,10,62.7798957824707,62.246131896972656,0.0,0.0,0.5231183767318726,0.5236080884933472,0.272247014567256,0.2721181735396385,7.947793006896973,7.8771772384643555
110,2025-09-27T08:29:56.279520,0.01,32,5,0.2,15,62.629085540771484,62.34477615356445,0.0,0.0,0.5243780612945557,0.522779643535614,0.27202211506664753,0.2718917839229107,7.959975481033325,7.885270118713379
111,2025-09-27T08:38:51.677162,0.01,32,5,0.2,20,62.88368606567383,62.30228042602539,0.0,0.0,0.5222549438476562,0.5231362581253052,0.27206558361649513,0.27193556912243366,7.936877965927124,7.861588001251221
112,2025-09-27T08:41:32.573748,0.01,32,5,0.3,5,62.934547424316406,62.434993743896484,0.0,0.0,0.5218329429626465,0.5220242142677307,0.2749248929321766,0.27480533346533775,7.951483488082886,7.847751140594482
113,2025-09-27T08:46:07.799908,0.01,32,5,0.3,10,62.7798957824707,62.246131896972656,0.0,0.0,0.5231183767318726,0.5236080884933472,0.272247014567256,0.2721181735396385,7.888560056686401,7.838798761367798
114,2025-09-27T08:52:53.043368,0.01,32,5,0.3,15,62.629085540771484,62.34477615356445,0.0,0.0,0.5243780612945557,0.522779643535614,0.27202211506664753,0.2718917839229107,7.940499782562256,7.871089696884155
115,2025-09-27T09:01:48.094543,0.01,32,5,0.3,20,62.88368606567383,62.30228042602539,0.0,0.0,0.5222549438476562,0.5231362581253052,0.27206558361649513,0.27193556912243366,7.949508190155029,7.894070386886597
116,2025-09-27T09:04:29.541517,0.01,32,5,0.4,5,62.934547424316406,62.434993743896484,0.0,0.0,0.5218329429626465,0.5220242142677307,0.2749248929321766,0.27480533346533775,7.939223527908325,7.901368141174316
117,2025-09-27T09:09:04.388348,0.01,32,5,0.4,10,62.7798957824707,62.246131896972656,0.0,0.0,0.5231183767318726,0.5236080884933472,0.272247014567256,0.2721181735396385,7.91366982460022,7.835693597793579
118,2025-09-27T09:15:49.653720,0.01,32,5,0.4,15,62.629085540771484,62.34477615356445,0.0,0.0,0.5243780612945557,0.522779643535614,0.27202211506664753,0.2718917839229107,8.022030591964722,7.965829133987427
119,2025-09-27T09:24:43.972922,0.01,32,5,0.4,20,62.88368606567383,62.30228042602539,0.0,0.0,0.5222549438476562,0.5231362581253052,0.27206558361649513,0.27193556912243366,7.905325651168823,7.8192901611328125
120,2025-09-27T09:28:21.064893,0.01,32,10,0.2,5,62.89836120605469,62.122650146484375,0.0,0.0,0.5221331119537354,0.524648904800415,1.0632572025060654,1.0632592514157295,8.181155443191528,8.099158763885498
121,2025-09-27T09:34:45.859964,0.01,32,10,0.2,10,62.60340118408203,62.09021759033203,0.0,0.0,0.52459317445755,0.5249229669570923,1.1981165334582329,1.1980844885110855,8.122206449508667,8.043688774108887
122,2025-09-27T09:44:14.204175,0.01,32,10,0.2,15,62.68009948730469,62.251441955566406,0.0,0.0,0.5239512920379639,0.5235634446144104,1.2684256061911583,1.2684062346816063,8.089902400970459,8.051635026931763
123,2025-09-27T09:56:47.391725,0.01,32,10,0.2,20,62.892295837402344,62.3319091796875,0.0,0.0,0.5221835374832153,0.5228875279426575,1.3041665777564049,1.3041569367051125,8.113930225372314,8.068276166915894
124,2025-09-27T10:00:23.399725,0.01,32,10,0.3,5,62.89836120605469,62.122650146484375,0.0,0.0,0.5221331119537354,0.524648904800415,1.0632572025060654,1.0632592514157295,8.090653657913208,8.022708415985107
125,2025-09-27T10:06:48.437610,0.01,32,10,0.3,10,62.60340118408203,62.09021759033203,0.0,0.0,0.52459317445755,0.5249229669570923,1.1981165334582329,1.1980844885110855,8.149107217788696,8.131180763244629
126,2025-09-27T10:16:18.480257,0.01,32,10,0.3,15,62.68009948730469,62.251441955566406,0.0,0.0,0.5239512920379639,0.5235634446144104,1.2684256061911583,1.2684062346816063,8.145865201950073,8.033511400222778
127,2025-09-27T10:28:47.995962,0.01,32,10,0.3,20,62.892295837402344,62.3319091796875,0.0,0.0,0.5221835374832153,0.5228875279426575,1.3041665777564049,1.3041569367051125,8.154367685317993,8.027339458465576
128,2025-09-27T10:32:24.389212,0.01,32,10,0.4,5,62.89836120605469,62.122650146484375,0.0,0.0,0.5221331119537354,0.524648904800415,1.0632572025060654,1.0632592514157295,8.229719638824463,8.0762779712677
129,2025-09-27T10:38:48.116921,0.01,32,10,0.4,10,62.60340118408203,62.09021759033203,0.0,0.0,0.52459317445755,0.5249229669570923,1.1981165334582329,1.1980844885110855,8.119038581848145,8.078014135360718
130,2025-09-27T10:48:15.840132,0.01,32,10,0.4,15,62.68009948730469,62.251441955566406,0.0,0.0,0.5239512920379639,0.5235634446144104,1.2684256061911583,1.2684062346816063,8.105183839797974,8.032787561416626
131,2025-09-27T11:00:49.165216,0.01,32,10,0.4,20,62.892295837402344,62.3319091796875,0.0,0.0,0.5221835374832153,0.5228875279426575,1.3041665777564049,1.3041569367051125,8.128250360488892,8.055295467376709
132,2025-09-27T11:05:20.816167,0.01,32,15,0.2,5,62.784027099609375,62.24045181274414,0.0,0.0,0.5230839848518372,0.523655891418457,0.7822077050805092,0.7821396291255951,8.291490316390991,8.20557451248169
133,2025-09-27T11:13:35.280017,0.01,32,15,0.2,10,62.6607666015625,62.34243392944336,0.0,0.0,0.5241129398345947,0.5227992534637451,0.9355341233313084,0.9352228529751301,8.264363765716553,8.217335224151611
134,2025-09-27T11:25:45.762632,0.01,32,15,0.2,15,62.592041015625,62.183414459228516,0.0,0.0,0.5246884226799011,0.5241361856460571,1.0023643001914024,1.0023118406534195,8.446211814880371,8.237621545791626
135,2025-09-27T11:41:59.737268,0.01,32,15,0.2,20,61.99810028076172,60.86119842529297,0.0,0.0,0.5297149419784546,0.5355231165885925,1.0850726142525673,1.0847118869423866,8.285964727401733,8.224467754364014
136,2025-09-27T11:46:31.455713,0.01,32,15,0.3,5,62.784027099609375,62.24045181274414,0.0,0.0,0.5230839848518372,0.523655891418457,0.7822077050805092,0.7821396291255951,8.3518648147583,8.237860202789307
137,2025-09-27T11:54:44.913721,0.01,32,15,0.3,10,62.6607666015625,62.34243392944336,0.0,0.0,0.5241129398345947,0.5227992534637451,0.9355341233313084,0.9352228529751301,8.395541667938232,8.368433475494385
138,2025-09-27T12:06:57.284486,0.01,32,15,0.3,15,62.592041015625,62.183414459228516,0.0,0.0,0.5246884226799011,0.5241361856460571,1.0023643001914024,1.0023118406534195,8.291517734527588,8.249370813369751
139,2025-09-27T12:23:03.494258,0.01,32,15,0.3,20,61.99810028076172,60.86119842529297,0.0,0.0,0.5297149419784546,0.5355231165885925,1.0850726142525673,1.0847118869423866,8.308212518692017,8.289304733276367
140,2025-09-27T12:27:34.977160,0.01,32,15,0.4,5,62.784027099609375,62.24045181274414,0.0,0.0,0.5230839848518372,0.523655891418457,0.7822077050805092,0.7821396291255951,8.208599328994751,8.196524381637573
141,2025-09-27T12:35:48.097132,0.01,32,15,0.4,10,62.6607666015625,62.34243392944336,0.0,0.0,0.5241129398345947,0.5227992534637451,0.9355341233313084,0.9352228529751301,8.28129243850708,8.199395179748535
142,2025-09-27T12:47:58.445399,0.01,32,15,0.4,15,62.592041015625,62.183414459228516,0.0,0.0,0.5246884226799011,0.5241361856460571,1.0023643001914024,1.0023118406534195,8.304465770721436,8.242308378219604
143,2025-09-27T13:04:09.179608,0.01,32,15,0.4,20,61.99810028076172,60.86119842529297,0.0,0.0,0.5297149419784546,0.5355231165885925,1.0850726142525673,1.0847118869423866,8.284845352172852,8.228029489517212
144,2025-09-27T13:07:12.305863,0.01,64,5,0.2,5,62.84622573852539,62.30809783935547,0.0,0.0,0.5225663185119629,0.5230873823165894,0.27164304442703724,0.2715082708746195,8.121145725250244,8.047250986099243
145,2025-09-27T13:12:33.873092,0.01,64,5,0.2,10,62.7016716003418,62.22697448730469,0.0,0.0,0.5237710475921631,0.5237693190574646,0.2716185785830021,0.27148289419710636,8.144146203994751,8.055952548980713
146,2025-09-27T13:20:28.139219,0.01,64,5,0.2,15,63.0058708190918,62.022911071777344,0.0,0.0,0.5212422013282776,0.5254926085472107,0.27161774784326553,0.2714820150285959,8.075053930282593,7.961317539215088
147,2025-09-27T13:30:54.079534,0.01,64,5,0.2,20,62.762630462646484,62.410682678222656,0.0,0.0,0.5232623219490051,0.5222275853157043,0.2716172784566879,0.2714815065264702,8.117213487625122,8.034757137298584
148,2025-09-27T13:33:59.266532,0.01,64,5,0.3,5,62.84622573852539,62.30809783935547,0.0,0.0,0.5225663185119629,0.5230873823165894,0.27164304442703724,0.2715082708746195,8.196796655654907,8.01931619644165
149,2025-09-27T13:39:21.303321,0.01,64,5,0.3,10,62.7016716003418,62.22697448730469,0.0,0.0,0.5237710475921631,0.5237693190574646,0.2716185785830021,0.27148289419710636,8.084212303161621,8.010891914367676
150,2025-09-27T13:47:13.682966,0.01,64,5,0.3,15,63.0058708190918,62.022911071777344,0.0,0.0,0.5212422013282776,0.5254926085472107,0.27161774784326553,0.2714820150285959,8.105218887329102,8.032657861709595
151,2025-09-27T13:57:39.436928,0.01,64,5,0.3,20,62.762630462646484,62.410682678222656,0.0,0.0,0.5232623219490051,0.5222275853157043,0.2716172784566879,0.2714815065264702,8.090195178985596,7.9805591106414795
152,2025-09-27T14:00:44.568737,0.01,64,5,0.4,5,62.84622573852539,62.30809783935547,0.0,0.0,0.5225663185119629,0.5230873823165894,0.27164304442703724,0.2715082708746195,8.230518579483032,8.021456956863403
153,2025-09-27T14:06:06.561463,0.01,64,5,0.4,10,62.7016716003418,62.22697448730469,0.0,0.0,0.5237710475921631,0.5237693190574646,0.2716185785830021,0.27148289419710636,8.109126091003418,8.027669906616211
154,2025-09-27T14:13:59.288686,0.01,64,5,0.4,15,63.0058708190918,62.022911071777344,0.0,0.0,0.5212422013282776,0.5254926085472107,0.27161774784326553,0.2714820150285959,8.06921100616455,8.05817985534668
155,2025-09-27T14:24:27.425792,0.01,64,5,0.4,20,62.762630462646484,62.410682678222656,0.0,0.0,0.5232623219490051,0.5222275853157043,0.2716172784566879,0.2714815065264702,8.176796436309814,8.038336038589478
156,2025-09-27T14:28:45.629766,0.01,64,10,0.2,5,63.02388381958008,62.22774887084961,0.0,0.0,0.5210932493209839,0.5237627625465393,1.133395493030548,1.1333924233913422,8.415552377700806,8.332966566085815
157,2025-09-27T14:36:33.073653,0.01,64,10,0.2,10,62.752689361572266,62.38806915283203,0.0,0.0,0.5233452320098877,0.522416889667511,1.2081555053591728,1.2081322222948074,8.25169825553894,8.278978824615479
158,2025-09-27T14:48:01.816319,0.01,64,10,0.2,15,62.81591033935547,62.129432678222656,0.0,0.0,0.5228184461593628,0.5245916247367859,1.2471347153186798,1.2469884306192398,8.274338006973267,8.192477703094482
159,2025-09-27T15:03:19.380142,0.01,64,10,0.2,20,62.64687728881836,62.24045181274414,0.0,0.0,0.524229109287262,0.523655891418457,1.270221583545208,1.2700884863734245,8.34924840927124,8.24059534072876
160,2025-09-27T15:07:37.043515,0.01,64,10,0.3,5,63.02388381958008,62.22774887084961,0.0,0.0,0.5210932493209839,0.5237627625465393,1.133395493030548,1.1333924233913422,8.302690505981445,8.279732704162598
161,2025-09-27T15:15:22.702646,0.01,64,10,0.3,10,62.752689361572266,62.38806915283203,0.0,0.0,0.5233452320098877,0.522416889667511,1.2081555053591728,1.2081322222948074,8.336951732635498,8.269352197647095
162,2025-09-27T15:26:57.914808,0.01,64,10,0.3,15,62.81591033935547,62.129432678222656,0.0,0.0,0.5228184461593628,0.5245916247367859,1.2471347153186798,1.2469884306192398,8.37666916847229,8.252971172332764
163,2025-09-27T15:42:11.322799,0.01,64,10,0.3,20,62.64687728881836,62.24045181274414,0.0,0.0,0.524229109287262,0.523655891418457,1.270221583545208,1.2700884863734245,8.330203533172607,8.234764337539673
164,2025-09-27T15:46:28.724151,0.01,64,10,0.4,5,63.02388381958008,62.22774887084961,0.0,0.0,0.5210932493209839,0.5237627625465393,1.133395493030548,1.1333924233913422,8.33560037612915,8.306532621383667
165,2025-09-27T15:54:17.504695,0.01,64,10,0.4,10,62.752689361572266,62.38806915283203,0.0,0.0,0.5233452320098877,0.522416889667511,1.2081555053591728,1.2081322222948074,8.390928030014038,8.322070837020874
166,2025-09-27T16:05:43.555263,0.01,64,10,0.4,15,62.81591033935547,62.129432678222656,0.0,0.0,0.5228184461593628,0.5245916247367859,1.2471347153186798,1.2469884306192398,8.29717755317688,8.190894842147827
167,2025-09-27T16:20:58.445681,0.01,64,10,0.4,20,62.64687728881836,62.24045181274414,0.0,0.0,0.524229109287262,0.523655891418457,1.270221583545208,1.2700884863734245,8.336634874343872,8.29132866859436
168,2025-09-27T16:26:29.039486,0.01,64,15,0.2,5,62.78493881225586,62.146907806396484,0.0,0.0,0.5230763554573059,0.5244441032409668,0.9483904652297497,0.948471013456583,8.555371284484863,8.504781246185303
169,2025-09-27T16:36:35.660001,0.01,64,15,0.2,10,62.858463287353516,62.157745361328125,0.0,0.0,0.5224645733833313,0.5243526697158813,1.136048048734665,1.135398767888546,8.527321338653564,8.483314990997314
170,2025-09-27T16:51:34.370887,0.01,64,15,0.2,15,62.7840576171875,62.40045928955078,0.0,0.0,0.5230837464332581,0.522313117980957,1.209822803735733,1.2094161808490753,8.570754289627075,8.546497583389282
171,2025-09-27T17:11:29.762953,0.01,64,15,0.2,20,62.62789535522461,62.28984451293945,0.0,0.0,0.5243880748748779,0.5232406258583069,1.233555555343628,1.2330917567014694,8.647668600082397,8.443138837814331
172,2025-09-27T17:16:59.056841,0.01,64,15,0.3,5,62.78493881225586,62.146907806396484,0.0,0.0,0.5230763554573059,0.5244441032409668,0.9483904652297497,0.948471013456583,8.549063444137573,8.505994081497192
173,2025-09-27T17:27:04.800216,0.01,64,15,0.3,10,62.858463287353516,62.157745361328125,0.0,0.0,0.5224645733833313,0.5243526697158813,1.136048048734665,1.135398767888546,8.677196264266968,8.546936750411987
174,2025-09-27T17:42:14.039039,0.01,64,15,0.3,15,62.7840576171875,62.40045928955078,0.0,0.0,0.5230837464332581,0.522313117980957,1.209822803735733,1.2094161808490753,8.656351089477539,8.592915296554565
175,2025-09-27T18:02:10.863924,0.01,64,15,0.3,20,62.62789535522461,62.28984451293945,0.0,0.0,0.5243880748748779,0.5232406258583069,1.233555555343628,1.2330917567014694,8.59183406829834,8.518020868301392
176,2025-09-27T18:07:39.902331,0.01,64,15,0.4,5,62.78493881225586,62.146907806396484,0.0,0.0,0.5230763554573059,0.5244441032409668,0.9483904652297497,0.948471013456583,8.5858736038208,8.494656085968018
177,2025-09-27T18:17:46.870580,0.01,64,15,0.4,10,62.858463287353516,62.157745361328125,0.0,0.0,0.5224645733833313,0.5243526697158813,1.136048048734665,1.135398767888546,8.505242824554443,8.473222970962524
178,2025-09-27T18:32:49.583191,0.01,64,15,0.4,15,62.7840576171875,62.40045928955078,0.0,0.0,0.5230837464332581,0.522313117980957,1.209822803735733,1.2094161808490753,8.51982069015503,8.444319009780884
179,2025-09-27T18:52:45.534269,0.01,64,15,0.4,20,62.62789535522461,62.28984451293945,0.0,0.0,0.5243880748748779,0.5232406258583069,1.233555555343628,1.2330917567014694,8.587153673171997,8.538445234298706
180,2025-09-27T18:56:37.706942,0.01,128,5,0.2,5,62.69093704223633,62.13874053955078,0.0,0.0,0.5238606929779053,0.5245130062103271,0.2716117035597563,0.27147514931857586,8.38189959526062,8.22002387046814
181,2025-09-27T19:03:33.028973,0.01,128,5,0.2,10,62.66259002685547,62.276222229003906,0.0,0.0,0.5240976810455322,0.5233551263809204,0.27161181531846523,0.2714751996099949,8.362329244613647,8.272592067718506
182,2025-09-27T19:13:50.819032,0.01,128,5,0.2,15,62.860862731933594,62.247840881347656,0.0,0.0,0.5224446058273315,0.5235937237739563,0.27161175943911076,0.271475151181221,8.30704665184021,8.225717067718506
183,2025-09-27T19:27:25.218869,0.01,128,5,0.2,20,62.54591369628906,62.416744232177734,0.0,0.0,0.525075376033783,0.5221768617630005,0.2716117072850466,0.2714751325547695,8.28975534439087,8.240251064300537
184,2025-09-27T19:31:16.510664,0.01,128,5,0.3,5,62.69093704223633,62.13874053955078,0.0,0.0,0.5238606929779053,0.5245130062103271,0.2716117035597563,0.27147514931857586,8.25905442237854,8.245765686035156
185,2025-09-27T19:38:10.897222,0.01,128,5,0.3,10,62.66259002685547,62.276222229003906,0.0,0.0,0.5240976810455322,0.5233551263809204,0.27161181531846523,0.2714751996099949,8.285941123962402,8.187065362930298
186,2025-09-27T19:48:27.487373,0.01,128,5,0.3,15,62.860862731933594,62.247840881347656,0.0,0.0,0.5224446058273315,0.5235937237739563,0.27161175943911076,0.271475151181221,8.337628364562988,8.289338827133179
187,2025-09-27T20:02:07.292768,0.01,128,5,0.3,20,62.54591369628906,62.416744232177734,0.0,0.0,0.525075376033783,0.5221768617630005,0.2716117072850466,0.2714751325547695,8.338735103607178,8.259828329086304
188,2025-09-27T20:06:02.341905,0.01,128,5,0.4,5,62.69093704223633,62.13874053955078,0.0,0.0,0.5238606929779053,0.5245130062103271,0.2716117035597563,0.27147514931857586,8.308319807052612,8.251438617706299
189,2025-09-27T20:13:03.488172,0.01,128,5,0.4,10,62.66259002685547,62.276222229003906,0.0,0.0,0.5240976810455322,0.5233551263809204,0.27161181531846523,0.2714751996099949,8.317301273345947,8.20271921157837
190,2025-09-27T20:23:25.186292,0.01,128,5,0.4,15,62.860862731933594,62.247840881347656,0.0,0.0,0.5224446058273315,0.5235937237739563,0.27161175943911076,0.271475151181221,8.321727991104126,8.269832372665405
191,2025-09-27T20:37:04.549889,0.01,128,5,0.4,20,62.54591369628906,62.416744232177734,0.0,0.0,0.525075376033783,0.5221768617630005,0.2716117072850466,0.2714751325547695,8.254168510437012,8.256258249282837
192,2025-09-27T20:42:53.615215,0.01,128,10,0.2,5,62.73432922363281,62.1229362487793,0.0,0.0,0.5234983563423157,0.5246464610099792,0.9328333586454391,0.9328658245503902,8.910499095916748,8.700822591781616
193,2025-09-27T20:53:37.501534,0.01,128,10,0.2,10,62.727577209472656,62.235069274902344,0.0,0.0,0.5235547423362732,0.5237011909484863,1.1007215306162834,1.1007775366306305,8.764444589614868,8.68802261352539
194,2025-09-27T21:09:30.488555,0.01,128,10,0.2,15,62.89974594116211,62.32345199584961,0.0,0.0,0.5221216678619385,0.522958517074585,1.147843413054943,1.1478738710284233,8.671472787857056,8.583268165588379
195,2025-09-27T21:30:38.923413,0.01,128,10,0.2,20,62.64869689941406,62.089378356933594,0.0,0.0,0.5242139101028442,0.5249300599098206,1.1696658581495285,1.1696747988462448,8.852844715118408,8.794995069503784
196,2025-09-27T21:36:26.167609,0.01,128,10,0.3,5,62.73432922363281,62.1229362487793,0.0,0.0,0.5234983563423157,0.5246464610099792,0.9328333586454391,0.9328658245503902,8.716741800308228,8.62807846069336
197,2025-09-27T21:47:05.130653,0.01,128,10,0.3,10,62.727577209472656,62.235069274902344,0.0,0.0,0.5235547423362732,0.5237011909484863,1.1007215306162834,1.1007775366306305,8.701737642288208,8.651000499725342
198,2025-09-27T22:02:55.560836,0.01,128,10,0.3,15,62.89974594116211,62.32345199584961,0.0,0.0,0.5221216678619385,0.522958517074585,1.147843413054943,1.1478738710284233,8.694046258926392,8.652756929397583
199,2025-09-27T22:24:01.409934,0.01,128,10,0.3,20,62.64869689941406,62.089378356933594,0.0,0.0,0.5242139101028442,0.5249300599098206,1.1696658581495285,1.1696747988462448,8.732081890106201,8.653897762298584
200,2025-09-27T22:29:47.304166,0.01,128,10,0.4,5,62.73432922363281,62.1229362487793,0.0,0.0,0.5234983563423157,0.5246464610099792,0.9328333586454391,0.9328658245503902,8.761915445327759,8.698952198028564
201,2025-09-27T22:40:31.529496,0.01,128,10,0.4,10,62.727577209472656,62.235069274902344,0.0,0.0,0.5235547423362732,0.5237011909484863,1.1007215306162834,1.1007775366306305,8.802757263183594,8.712689399719238
202,2025-09-27T22:56:28.060291,0.01,128,10,0.4,15,62.89974594116211,62.32345199584961,0.0,0.0,0.5221216678619385,0.522958517074585,1.147843413054943,1.1478738710284233,8.722679138183594,8.719889879226685
203,2025-09-27T23:17:35.045302,0.01,128,10,0.4,20,62.64869689941406,62.089378356933594,0.0,0.0,0.5242139101028442,0.5249300599098206,1.1696658581495285,1.1696747988462448,8.749218940734863,8.668906211853027
204,2025-09-27T23:25:15.915394,0.01,128,15,0.2,5,62.7636833190918,62.400962829589844,0.0,0.0,0.5232535004615784,0.5223089456558228,0.9121544994413853,0.9121468253433704,9.195119857788086,9.10710883140564
205,2025-09-27T23:39:40.225074,0.01,128,15,0.2,10,62.72636795043945,62.14419174194336,0.0,0.0,0.5235648155212402,0.5244670510292053,1.0204712823033333,1.0204182267189026,9.127112865447998,9.182960510253906
206,2025-09-28T00:01:12.759918,0.01,128,15,0.2,15,62.97000503540039,62.42232894897461,0.0,0.0,0.5215390920639038,0.5221301317214966,1.0836029201745987,1.0832208320498466,9.136211633682251,9.050448417663574
207,2025-09-28T00:29:50.805851,0.01,128,15,0.2,20,62.818580627441406,62.2295036315918,0.0,0.0,0.5227962732315063,0.5237480401992798,1.12105230987072,1.120545007288456,9.317343473434448,9.244420528411865
208,2025-09-28T00:37:34.795946,0.01,128,15,0.3,5,62.7636833190918,62.400962829589844,0.0,0.0,0.5232535004615784,0.5223089456558228,0.9121544994413853,0.9121468253433704,9.308505058288574,9.350295305252075
209,2025-09-28T00:52:08.524587,0.01,128,15,0.3,10,62.72636795043945,62.14419174194336,0.0,0.0,0.5235648155212402,0.5244670510292053,1.0204712823033333,1.0204182267189026,9.203041315078735,9.054713487625122
210,2025-09-28T01:13:30.604386,0.01,128,15,0.3,15,62.97000503540039,62.42232894897461,0.0,0.0,0.5215390920639038,0.5221301317214966,1.0836029201745987,1.0832208320498466,9.241021156311035,9.238373279571533
211,2025-09-28T01:42:08.271576,0.01,128,15,0.3,20,62.818580627441406,62.2295036315918,0.0,0.0,0.5227962732315063,0.5237480401992798,1.12105230987072,1.120545007288456,9.216527223587036,9.166065216064453
212,2025-09-28T01:49:53.957977,0.01,128,15,0.4,5,62.7636833190918,62.400962829589844,0.0,0.0,0.5232535004615784,0.5223089456558228,0.9121544994413853,0.9121468253433704,9.223203659057617,9.183687448501587
213,2025-09-28T02:04:24.420724,0.01,128,15,0.4,10,62.72636795043945,62.14419174194336,0.0,0.0,0.5235648155212402,0.5244670510292053,1.0204712823033333,1.0204182267189026,9.206466913223267,9.17437219619751
214,2025-09-28T02:25:46.880229,0.01,128,15,0.4,15,62.97000503540039,62.42232894897461,0.0,0.0,0.5215390920639038,0.5221301317214966,1.0836029201745987,1.0832208320498466,9.189062356948853,9.092825889587402
215,2025-09-28T02:54:26.834211,0.01,128,15,0.4,20,62.818580627441406,62.2295036315918,0.0,0.0,0.5227962732315063,0.5237480401992798,1.12105230987072,1.120545007288456,9.167296409606934,9.068619012832642
216,2025-09-28T02:57:09.025191,0.0001,32,5,0.2,5,65.56562042236328,64.58811950683594,0.0,0.0,0.5008923411369324,0.5046219229698181,4.719442397356033,4.710759609937668,8.102319478988647,7.959237337112427
217,2025-09-28T03:01:46.746415,0.0001,32,5,0.2,10,73.2598648071289,73.08226013183594,0.0,0.0,0.4482852518558502,0.44597116112709045,1.5317366644740105,1.52926417440176,8.402419805526733,8.431749105453491
218,2025-09-28T03:08:35.874779,0.0001,32,5,0.2,15,77.61967468261719,77.3852767944336,0.0,0.0,0.4231055974960327,0.4211728870868683,0.6787970773875713,0.6782528646290302,8.343816757202148,8.32071042060852
219,2025-09-28T03:17:38.583371,0.0001,32,5,0.2,20,73.9022216796875,72.83277893066406,0.0,0.0,0.44438880681991577,0.44749876856803894,0.470382958650589,0.47104107961058617,8.327600002288818,8.428255319595337
220,2025-09-28T03:20:20.459331,0.0001,32,5,0.3,5,65.56562042236328,64.58811950683594,0.0,0.0,0.5008923411369324,0.5046219229698181,4.719442397356033,4.710759609937668,8.019769430160522,7.9677488803863525
221,2025-09-28T03:24:58.211330,0.0001,32,5,0.3,10,73.2598648071289,73.08226013183594,0.0,0.0,0.4482852518558502,0.44597116112709045,1.5317366644740105,1.52926417440176,8.427962303161621,8.328857898712158
222,2025-09-28T03:31:47.627993,0.0001,32,5,0.3,15,77.61967468261719,77.3852767944336,0.0,0.0,0.4231055974960327,0.4211728870868683,0.6787970773875713,0.6782528646290302,8.343706607818604,8.294763326644897
223,2025-09-28T03:40:46.886347,0.0001,32,5,0.3,20,73.9022216796875,72.83277893066406,0.0,0.0,0.44438880681991577,0.44749876856803894,0.470382958650589,0.47104107961058617,8.368927240371704,8.333832263946533
224,2025-09-28T03:43:28.419241,0.0001,32,5,0.4,5,65.56562042236328,64.58811950683594,0.0,0.0,0.5008923411369324,0.5046219229698181,4.719442397356033,4.710759609937668,8.005351066589355,7.938034772872925
225,2025-09-28T03:48:05.684011,0.0001,32,5,0.4,10,73.2598648071289,73.08226013183594,0.0,0.0,0.4482852518558502,0.44597116112709045,1.5317366644740105,1.52926417440176,8.304187297821045,8.308672904968262
226,2025-09-28T03:54:52.905795,0.0001,32,5,0.4,15,77.61967468261719,77.3852767944336,0.0,0.0,0.4231055974960327,0.4211728870868683,0.6787970773875713,0.6782528646290302,8.37665605545044,8.254985570907593
227,2025-09-28T04:03:52.218912,0.0001,32,5,0.4,20,73.9022216796875,72.83277893066406,0.0,0.0,0.44438880681991577,0.44749876856803894,0.470382958650589,0.47104107961058617,8.309454679489136,8.366121053695679
228,2025-09-28T04:07:30.748015,0.0001,32,10,0.2,5,73.01203155517578,73.25897979736328,0.0,0.0,0.44980695843696594,0.4448953866958618,1.4535789042711258,1.4513951539993286,8.55200457572937,8.48165488243103
229,2025-09-28T04:13:57.775915,0.0001,32,10,0.2,10,73.75584411621094,73.96935272216797,0.0,0.0,0.44527074694633484,0.4406227469444275,1.2093780636787415,1.2075103670358658,8.601581335067749,8.454428672790527
230,2025-09-28T04:23:28.183038,0.0001,32,10,0.2,15,76.20582580566406,76.52336120605469,0.0,0.0,0.4309554994106293,0.42591673135757446,0.7327415682375431,0.7320286594331264,8.548222780227661,8.511808395385742
231,2025-09-28T04:36:02.604988,0.0001,32,10,0.2,20,78.1007080078125,78.23779296875,0.0,0.0,0.42049962282180786,0.4165835678577423,0.6228697039186954,0.6225856058299541,8.545855045318604,8.521950483322144
232,2025-09-28T04:39:41.033360,0.0001,32,10,0.3,5,73.01203155517578,73.25897979736328,0.0,0.0,0.44980695843696594,0.4448953866958618,1.4535789042711258,1.4513951539993286,8.616051197052002,8.53057599067688
233,2025-09-28T04:46:06.600238,0.0001,32,10,0.3,10,73.75584411621094,73.96935272216797,0.0,0.0,0.44527074694633484,0.4406227469444275,1.2093780636787415,1.2075103670358658,8.56419587135315,8.489561080932617
234,2025-09-28T04:55:32.989331,0.0001,32,10,0.3,15,76.20582580566406,76.52336120605469,0.0,0.0,0.4309554994106293,0.42591673135757446,0.7327415682375431,0.7320286594331264,8.577038049697876,8.56071400642395
235,2025-09-28T05:08:07.366723,0.0001,32,10,0.3,20,78.1007080078125,78.23779296875,0.0,0.0,0.42049962282180786,0.4165835678577423,0.6228697039186954,0.6225856058299541,8.546917915344238,8.520209312438965
236,2025-09-28T05:11:45.722756,0.0001,32,10,0.4,5,73.01203155517578,73.25897979736328,0.0,0.0,0.44980695843696594,0.4448953866958618,1.4535789042711258,1.4513951539993286,8.585674047470093,8.535576581954956
237,2025-09-28T05:18:12.555451,0.0001,32,10,0.4,10,73.75584411621094,73.96935272216797,0.0,0.0,0.44527074694633484,0.4406227469444275,1.2093780636787415,1.2075103670358658,8.551705360412598,8.4682776927948
238,2025-09-28T05:27:40.215923,0.0001,32,10,0.4,15,76.20582580566406,76.52336120605469,0.0,0.0,0.4309554994106293,0.42591673135757446,0.7327415682375431,0.7320286594331264,8.558593034744263,8.49017858505249
239,2025-09-28T05:40:14.483887,0.0001,32,10,0.4,20,78.1007080078125,78.23779296875,0.0,0.0,0.42049962282180786,0.4165835678577423,0.6228697039186954,0.6225856058299541,8.511686563491821,8.513840198516846
240,2025-09-28T05:44:45.611604,0.0001,32,15,0.2,5,55.49042892456055,55.49501037597656,0.0,0.0,0.5918375253677368,0.5873064994812012,13.647451281547546,13.578857481479645,8.787723779678345,8.624197483062744
241,2025-09-28T05:52:57.395712,0.0001,32,15,0.2,10,55.79012680053711,55.94476318359375,0.0,0.0,0.5886582732200623,0.5825849771499634,6.914774954319,6.8798608481884,8.720610618591309,8.737306594848633
242,2025-09-28T06:05:08.422133,0.0001,32,15,0.2,15,55.916259765625,55.71025085449219,0.0,0.0,0.5873303413391113,0.5850374102592468,4.426454424858093,4.4045939445495605,8.599525451660156,8.567838191986084
243,2025-09-28T06:21:11.948096,0.0001,32,15,0.2,20,57.37521743774414,56.94924545288086,0.0,0.0,0.5723955631256104,0.5723091959953308,1.5293047279119492,1.5234379768371582,8.612341403961182,8.566630363464355
244,2025-09-28T06:25:43.974362,0.0001,32,15,0.3,5,55.49042892456055,55.49501037597656,0.0,0.0,0.5918375253677368,0.5873064994812012,13.647451281547546,13.578857481479645,8.623831033706665,8.627967834472656
245,2025-09-28T06:33:58.151382,0.0001,32,15,0.3,10,55.79012680053711,55.94476318359375,0.0,0.0,0.5886582732200623,0.5825849771499634,6.914774954319,6.8798608481884,8.577808141708374,8.526870250701904
246,2025-09-28T06:46:11.773951,0.0001,32,15,0.3,15,55.916259765625,55.71025085449219,0.0,0.0,0.5873303413391113,0.5850374102592468,4.426454424858093,4.4045939445495605,8.60932445526123,8.579769372940063
247,2025-09-28T07:02:25.922411,0.0001,32,15,0.3,20,57.37521743774414,56.94924545288086,0.0,0.0,0.5723955631256104,0.5723091959953308,1.5293047279119492,1.5234379768371582,8.739178895950317,8.650874376296997
248,2025-09-28T07:06:57.982949,0.0001,32,15,0.4,5,55.49042892456055,55.49501037597656,0.0,0.0,0.5918375253677368,0.5873064994812012,13.647451281547546,13.578857481479645,8.657275199890137,8.592153072357178
249,2025-09-28T07:15:10.031301,0.0001,32,15,0.4,10,55.79012680053711,55.94476318359375,0.0,0.0,0.5886582732200623,0.5825849771499634,6.914774954319,6.8798608481884,8.695043325424194,8.527575492858887
250,2025-09-28T07:27:20.193660,0.0001,32,15,0.4,15,55.916259765625,55.71025085449219,0.0,0.0,0.5873303413391113,0.5850374102592468,4.426454424858093,4.4045939445495605,8.58666706085205,8.56101369857788
251,2025-09-28T07:43:25.135160,0.0001,32,15,0.4,20,57.37521743774414,56.94924545288086,0.0,0.0,0.5723955631256104,0.5723091959953308,1.5293047279119492,1.5234379768371582,8.610568761825562,8.584439754486084
252,2025-09-28T07:46:29.841158,0.0001,64,5,0.2,5,72.04956817626953,68.81077575683594,0.0,0.0,0.4558156132698059,0.47365516424179077,3.726528227329254,3.719580441713333,8.268213748931885,8.246634721755981
253,2025-09-28T07:51:50.813787,0.0001,64,5,0.2,10,78.49369049072266,78.32064819335938,0.0,0.0,0.41839438676834106,0.41614285111427307,0.5210303291678429,0.5207240357995033,8.529659032821655,8.510932445526123
254,2025-09-28T07:59:43.515342,0.0001,64,5,0.2,15,66.83863067626953,67.07494354248047,0.0,0.0,0.4913523495197296,0.48591291904449463,0.5192774012684822,0.5195881985127926,8.458671569824219,8.410990953445435
255,2025-09-28T08:10:07.361958,0.0001,64,5,0.2,20,66.95953369140625,67.03736877441406,0.0,0.0,0.4904651641845703,0.4861852526664734,0.5260261818766594,0.5263374745845795,8.458982229232788,8.380577087402344
256,2025-09-28T08:13:11.651912,0.0001,64,5,0.3,5,72.04956817626953,68.81077575683594,0.0,0.0,0.4558156132698059,0.47365516424179077,3.726528227329254,3.719580441713333,8.244049549102783,8.280892372131348
257,2025-09-28T08:18:32.800624,0.0001,64,5,0.3,10,78.49369049072266,78.32064819335938,0.0,0.0,0.41839438676834106,0.41614285111427307,0.5210303291678429,0.5207240357995033,8.499482154846191,8.455243825912476
258,2025-09-28T08:26:26.402383,0.0001,64,5,0.3,15,66.83863067626953,67.07494354248047,0.0,0.0,0.4913523495197296,0.48591291904449463,0.5192774012684822,0.5195881985127926,8.474714517593384,8.431985139846802
259,2025-09-28T08:36:51.015037,0.0001,64,5,0.3,20,66.95953369140625,67.03736877441406,0.0,0.0,0.4904651641845703,0.4861852526664734,0.5260261818766594,0.5263374745845795,8.399100303649902,8.381531238555908
260,2025-09-28T08:39:54.158435,0.0001,64,5,0.4,5,72.04956817626953,68.81077575683594,0.0,0.0,0.4558156132698059,0.47365516424179077,3.726528227329254,3.719580441713333,8.298259258270264,8.234646797180176
261,2025-09-28T08:45:13.220439,0.0001,64,5,0.4,10,78.49369049072266,78.32064819335938,0.0,0.0,0.41839438676834106,0.41614285111427307,0.5210303291678429,0.5207240357995033,8.557976484298706,8.444764375686646
262,2025-09-28T08:53:06.040562,0.0001,64,5,0.4,15,66.83863067626953,67.07494354248047,0.0,0.0,0.4913523495197296,0.48591291904449463,0.5192774012684822,0.5195881985127926,8.40424370765686,8.396359205245972
263,2025-09-28T09:03:29.780384,0.0001,64,5,0.4,20,66.95953369140625,67.03736877441406,0.0,0.0,0.4904651641845703,0.4861852526664734,0.5260261818766594,0.5263374745845795,8.473125219345093,8.327455282211304
264,2025-09-28T09:07:47.384971,0.0001,64,10,0.2,5,63.02388381958008,62.22774887084961,0.0,0.0,0.5210932493209839,0.5237627625465393,6.781911700963974,6.769003838300705,8.34337043762207,8.219328165054321
265,2025-09-28T09:15:29.182391,0.0001,64,10,0.2,10,75.56602478027344,72.6272964477539,0.0,0.0,0.434604287147522,0.4487649202346802,3.1267194002866745,3.1208947896957397,8.590173721313477,8.561398983001709
266,2025-09-28T09:26:57.436574,0.0001,64,10,0.2,15,73.38221740722656,73.20722198486328,0.0,0.0,0.4475378394126892,0.4452098608016968,1.70833071321249,1.705269880592823,8.71934700012207,8.698421478271484
267,2025-09-28T09:42:08.618086,0.0001,64,10,0.2,20,73.78023529052734,74.05919647216797,0.0,0.0,0.4451235234737396,0.4400882124900818,1.0543007925152779,1.0525992810726166,8.712100267410278,8.66412353515625
268,2025-09-28T09:46:23.320437,0.0001,64,10,0.3,5,63.02388381958008,62.22774887084961,0.0,0.0,0.5210932493209839,0.5237627625465393,6.781911700963974,6.769003838300705,8.304692029953003,8.228218078613281
269,2025-09-28T09:54:06.013448,0.0001,64,10,0.3,10,75.56602478027344,72.6272964477539,0.0,0.0,0.434604287147522,0.4487649202346802,3.1267194002866745,3.1208947896957397,8.637027740478516,8.578934669494629
270,2025-09-28T10:05:34.842666,0.0001,64,10,0.3,15,73.38221740722656,73.20722198486328,0.0,0.0,0.4475378394126892,0.4452098608016968,1.70833071321249,1.705269880592823,8.729805707931519,8.794860363006592
271,2025-09-28T10:20:57.417225,0.0001,64,10,0.3,20,73.78023529052734,74.05919647216797,0.0,0.0,0.4451235234737396,0.4400882124900818,1.0543007925152779,1.0525992810726166,8.746538639068604,8.748754501342773
272,2025-09-28T10:25:13.545026,0.0001,64,10,0.4,5,63.02388381958008,62.22774887084961,0.0,0.0,0.5210932493209839,0.5237627625465393,6.781911700963974,6.769003838300705,8.36880111694336,8.192450523376465
273,2025-09-28T10:33:00.600080,0.0001,64,10,0.4,10,75.56602478027344,72.6272964477539,0.0,0.0,0.434604287147522,0.4487649202346802,3.1267194002866745,3.1208947896957397,8.62791919708252,8.672860860824585
274,2025-09-28T10:44:34.289461,0.0001,64,10,0.4,15,73.38221740722656,73.20722198486328,0.0,0.0,0.4475378394126892,0.4452098608016968,1.70833071321249,1.705269880592823,8.69839358329773,8.630911350250244
275,2025-09-28T10:59:57.946913,0.0001,64,10,0.4,20,73.78023529052734,74.05919647216797,0.0,0.0,0.4451235234737396,0.4400882124900818,1.0543007925152779,1.0525992810726166,8.781915426254272,8.71725845336914
276,2025-09-28T11:05:30.233843,0.0001,64,15,0.2,5,62.78493881225586,62.146907806396484,0.0,0.0,0.5230763554573059,0.5244441032409668,14.672565042972565,14.645007848739624,8.574846744537354,8.537522077560425
277,2025-09-28T11:15:44.655802,0.0001,64,15,0.2,10,62.858463287353516,62.157745361328125,0.0,0.0,0.5224645733833313,0.5243526697158813,11.514047503471375,11.49261850118637,8.610107660293579,8.533357858657837
278,2025-09-28T11:30:53.130075,0.0001,64,15,0.2,15,62.7840576171875,62.40045928955078,0.0,0.0,0.5230837464332581,0.522313117980957,9.465707242488861,9.448166370391846,8.608322620391846,8.520285367965698
279,2025-09-28T11:51:00.495380,0.0001,64,15,0.2,20,62.62789535522461,62.28984451293945,0.0,0.0,0.5243880748748779,0.5232406258583069,8.163460612297058,8.148413985967636,8.716376304626465,8.601666688919067
280,2025-09-28T11:56:31.014492,0.0001,64,15,0.3,5,62.78493881225586,62.146907806396484,0.0,0.0,0.5230763554573059,0.5244441032409668,14.672565042972565,14.645007848739624,8.659014463424683,8.606618165969849
281,2025-09-28T12:06:43.443036,0.0001,64,15,0.3,10,62.858463287353516,62.157745361328125,0.0,0.0,0.5224645733833313,0.5243526697158813,11.514047503471375,11.49261850118637,8.816028833389282,8.756381511688232
282,2025-09-28T12:21:47.054698,0.0001,64,15,0.3,15,62.7840576171875,62.40045928955078,0.0,0.0,0.5230837464332581,0.522313117980957,9.465707242488861,9.448166370391846,8.534878015518188,8.463913202285767
283,2025-09-28T12:41:53.069321,0.0001,64,15,0.3,20,62.62789535522461,62.28984451293945,0.0,0.0,0.5243880748748779,0.5232406258583069,8.163460612297058,8.148413985967636,8.593346118927002,8.469837427139282
284,2025-09-28T12:47:25.379256,0.0001,64,15,0.4,5,62.78493881225586,62.146907806396484,0.0,0.0,0.5230763554573059,0.5244441032409668,14.672565042972565,14.645007848739624,8.677864789962769,8.57319164276123
285,2025-09-28T12:57:30.350275,0.0001,64,15,0.4,10,62.858463287353516,62.157745361328125,0.0,0.0,0.5224645733833313,0.5243526697158813,11.514047503471375,11.49261850118637,8.645177125930786,8.560156106948853
286,2025-09-28T13:12:35.086156,0.0001,64,15,0.4,15,62.7840576171875,62.40045928955078,0.0,0.0,0.5230837464332581,0.522313117980957,9.465707242488861,9.448166370391846,8.628965377807617,8.546969652175903
287,2025-09-28T13:32:33.681058,0.0001,64,15,0.4,20,62.62789535522461,62.28984451293945,0.0,0.0,0.5243880748748779,0.5232406258583069,8.163460612297058,8.148413985967636,8.574153184890747,8.545127630233765
288,2025-09-28T13:36:26.017327,0.0001,128,5,0.2,5,74.12312316894531,70.06941223144531,0.0,0.0,0.443064421415329,0.4651470482349396,3.4115603864192963,3.405023530125618,8.683380126953125,8.540768146514893
289,2025-09-28T13:43:23.608512,0.0001,128,5,0.2,10,68.2657241821289,68.4134521484375,0.0,0.0,0.4810806214809418,0.4764060080051422,0.5006467383354902,0.5013609286397696,8.807941913604736,8.722020626068115
290,2025-09-28T13:53:41.460141,0.0001,128,5,0.2,15,67.05337524414062,67.50997161865234,0.0,0.0,0.4897787570953369,0.48278167843818665,0.5512581057846546,0.5518254786729813,8.74560284614563,8.719627618789673
291,2025-09-28T14:07:21.690276,0.0001,128,5,0.2,20,66.75543212890625,67.48958587646484,0.0,0.0,0.491964727640152,0.482927531003952,0.5608626417815685,0.5614090599119663,8.744784593582153,8.64633846282959
292,2025-09-28T14:11:15.259129,0.0001,128,5,0.3,5,74.12312316894531,70.06941223144531,0.0,0.0,0.443064421415329,0.4651470482349396,3.4115603864192963,3.405023530125618,8.59792423248291,8.603655099868774
293,2025-09-28T14:18:12.322722,0.0001,128,5,0.3,10,68.2657241821289,68.4134521484375,0.0,0.0,0.4810806214809418,0.4764060080051422,0.5006467383354902,0.5013609286397696,8.765215158462524,8.718483686447144
294,2025-09-28T14:28:33.636966,0.0001,128,5,0.3,15,67.05337524414062,67.50997161865234,0.0,0.0,0.4897787570953369,0.48278167843818665,0.5512581057846546,0.5518254786729813,8.759984254837036,8.665695190429688
295,2025-09-28T14:42:12.866824,0.0001,128,5,0.3,20,66.75543212890625,67.48958587646484,0.0,0.0,0.491964727640152,0.482927531003952,0.5608626417815685,0.5614090599119663,8.733055830001831,8.680358409881592
296,2025-09-28T14:46:05.756115,0.0001,128,5,0.4,5,74.12312316894531,70.06941223144531,0.0,0.0,0.443064421415329,0.4651470482349396,3.4115603864192963,3.405023530125618,8.64033579826355,8.52380657196045
297,2025-09-28T14:53:01.438872,0.0001,128,5,0.4,10,68.2657241821289,68.4134521484375,0.0,0.0,0.4810806214809418,0.4764060080051422,0.5006467383354902,0.5013609286397696,8.7856764793396,8.66384243965149
298,2025-09-28T15:03:16.628024,0.0001,128,5,0.4,15,67.05337524414062,67.50997161865234,0.0,0.0,0.4897787570953369,0.48278167843818665,0.5512581057846546,0.5518254786729813,8.683008432388306,8.668095111846924
299,2025-09-28T15:16:52.277273,0.0001,128,5,0.4,20,66.75543212890625,67.48958587646484,0.0,0.0,0.491964727640152,0.482927531003952,0.5608626417815685,0.5614090599119663,8.759395599365234,8.657322883605957
300,2025-09-28T15:22:39.808225,0.0001,128,10,0.2,5,62.73432922363281,62.1229362487793,0.0,0.0,0.5234983563423157,0.5246464610099792,9.45935595035553,9.441490709781647,8.807354211807251,8.69801664352417
301,2025-09-28T15:33:28.198846,0.0001,128,10,0.2,10,66.86874389648438,67.11507415771484,0.0,0.0,0.49113109707832336,0.4856223464012146,0.6830966360867023,0.6831711046397686,9.238044261932373,9.187678813934326
302,2025-09-28T15:49:44.502590,0.0001,128,10,0.2,15,66.85643005371094,67.31678771972656,0.0,0.0,0.49122154712677,0.4841671586036682,0.6720608174800873,0.6722059994935989,9.139726161956787,9.124286413192749
303,2025-09-28T16:11:28.545721,0.0001,128,10,0.2,20,66.74424743652344,67.1326904296875,0.0,0.0,0.49204719066619873,0.4854948818683624,0.6901082023978233,0.6901566907763481,9.22357439994812,9.155736923217773
304,2025-09-28T16:17:24.162496,0.0001,128,10,0.3,5,62.73432922363281,62.1229362487793,0.0,0.0,0.5234983563423157,0.5246464610099792,9.45935595035553,9.441490709781647,8.810924768447876,8.759849786758423
305,2025-09-28T16:28:24.632647,0.0001,128,10,0.3,10,66.86874389648438,67.11507415771484,0.0,0.0,0.49113109707832336,0.4856223464012146,0.6830966360867023,0.6831711046397686,9.270739078521729,9.143542289733887
306,2025-09-28T16:44:44.229137,0.0001,128,10,0.3,15,66.85643005371094,67.31678771972656,0.0,0.0,0.49122154712677,0.4841671586036682,0.6720608174800873,0.6722059994935989,9.156830787658691,9.097727060317993
307,2025-09-28T17:06:27.066125,0.0001,128,10,0.3,20,66.74424743652344,67.1326904296875,0.0,0.0,0.49204719066619873,0.4854948818683624,0.6901082023978233,0.6901566907763481,9.172882318496704,9.098700761795044
308,2025-09-28T17:12:21.983943,0.0001,128,10,0.4,5,62.73432922363281,62.1229362487793,0.0,0.0,0.5234983563423157,0.5246464610099792,9.45935595035553,9.441490709781647,8.800427436828613,8.734959840774536
309,2025-09-28T17:23:21.328565,0.0001,128,10,0.4,10,66.86874389648438,67.11507415771484,0.0,0.0,0.49113109707832336,0.4856223464012146,0.6830966360867023,0.6831711046397686,9.153838396072388,9.131659746170044
310,2025-09-28T17:39:36.476459,0.0001,128,10,0.4,15,66.85643005371094,67.31678771972656,0.0,0.0,0.49122154712677,0.4841671586036682,0.6720608174800873,0.6722059994935989,9.157942295074463,9.163139581680298
311,2025-09-28T18:01:16.404634,0.0001,128,10,0.4,20,66.74424743652344,67.1326904296875,0.0,0.0,0.49204719066619873,0.4854948818683624,0.6901082023978233,0.6901566907763481,9.17957878112793,9.076596975326538
312,2025-09-28T18:09:00.439682,0.0001,128,15,0.2,5,62.7636833190918,62.400962829589844,0.0,0.0,0.5232535004615784,0.5223089456558228,39.11180520057678,39.03732419013977,9.227787017822266,9.14050555229187
313,2025-09-28T18:23:42.347688,0.0001,128,15,0.2,10,62.72636795043945,62.14419174194336,0.0,0.0,0.5235648155212402,0.5244670510292053,28.264599680900574,28.210759043693542,9.368447303771973,9.215604066848755
314,2025-09-28T18:45:31.313760,0.0001,128,15,0.2,15,62.97000503540039,62.42232894897461,0.0,0.0,0.5215390920639038,0.5221301317214966,21.308743238449097,21.268256187438965,9.309810638427734,9.201505899429321
315,2025-09-28T19:14:09.087544,0.0001,128,15,0.2,20,62.818580627441406,62.2295036315918,0.0,0.0,0.5227962732315063,0.5237480401992798,17.942532896995544,17.90842914581299,9.309483289718628,9.179153680801392
316,2025-09-28T19:21:50.198186,0.0001,128,15,0.3,5,62.7636833190918,62.400962829589844,0.0,0.0,0.5232535004615784,0.5223089456558228,39.11180520057678,39.03732419013977,9.225292682647705,9.055892705917358
317,2025-09-28T19:36:24.261287,0.0001,128,15,0.3,10,62.72636795043945,62.14419174194336,0.0,0.0,0.5235648155212402,0.5244670510292053,28.264599680900574,28.210759043693542,9.243072509765625,9.15941047668457
318,2025-09-28T19:58:15.850967,0.0001,128,15,0.3,15,62.97000503540039,62.42232894897461,0.0,0.0,0.5215390920639038,0.5221301317214966,21.308743238449097,21.268256187438965,9.176872491836548,9.179546356201172
319,2025-09-28T20:26:52.681292,0.0001,128,15,0.3,20,62.818580627441406,62.2295036315918,0.0,0.0,0.5227962732315063,0.5237480401992798,17.942532896995544,17.90842914581299,9.124998092651367,9.025558233261108
320,2025-09-28T20:34:32.161988,0.0001,128,15,0.4,5,62.7636833190918,62.400962829589844,0.0,0.0,0.5232535004615784,0.5223089456558228,39.11180520057678,39.03732419013977,9.232738494873047,9.131738662719727
321,2025-09-28T20:48:49.681605,0.0001,128,15,0.4,10,62.72636795043945,62.14419174194336,0.0,0.0,0.5235648155212402,0.5244670510292053,28.264599680900574,28.210759043693542,9.199899673461914,9.090863943099976
322,2025-09-28T21:10:16.338765,0.0001,128,15,0.4,15,62.97000503540039,62.42232894897461,0.0,0.0,0.5215390920639038,0.5221301317214966,21.308743238449097,21.268256187438965,9.174341678619385,9.084270238876343
323,2025-09-28T21:38:56.912403,0.0001,128,15,0.4,20,62.818580627441406,62.2295036315918,0.0,0.0,0.5227962732315063,0.5237480401992798,17.942532896995544,17.90842914581299,9.420661449432373,9.395228624343872
